[
    {
        "model": "app.homepage",
        "pk": 1,
        "fields": {
            "slideheader": "Welcome to CAM\u00b2",
            "slidedescrb": "Continuous Analysis of Many CAMeras",
            "slidedescrb1": "Discover, Present, Analyze Real-Time Data from Worldwide Sources",
            "slidenum": 0,
            "slidelink": "https://drive.google.com/uc?id=1r-h52QCLjSeZNRENMzaRKav1dQqtr4A3"
        }
    },
    {
        "model": "app.faq",
        "pk": 4,
        "fields": {
            "question": "Where do you get the data?",
            "answer": "Universities, governments, and some other web sites."
        }
    },
    {
        "model": "app.faq",
        "pk": 5,
        "fields": {
            "question": "What is the frame rate?",
            "answer": "The frame rates, as well as the resolutions, vary based on the cameras."
        }
    },
    {
        "model": "app.faq",
        "pk": 6,
        "fields": {
            "question": "I have cameras. Can I add my cameras to your site?",
            "answer": "Not yet. We will add that feature soon."
        }
    },
    {
        "model": "app.faq",
        "pk": 7,
        "fields": {
            "question": "What do you do with the data? Are you tracking where I go?",
            "answer": "We do not intend to indentify any individual. Thus, we do not know where you are."
        }
    },
    {
        "model": "app.faq",
        "pk": 8,
        "fields": {
            "question": "If I register, what do you do my data (such as my email address)?",
            "answer": "Please read the privacy policy."
        }
    },
    {
        "model": "app.faq",
        "pk": 9,
        "fields": {
            "question": "Will you send me any email?",
            "answer": "We intend to keep the email traffic low."
        }
    },
    {
        "model": "app.faq",
        "pk": 10,
        "fields": {
            "question": "What do the cameras see?",
            "answer": "Most cameras observe traffic or outdoor scenes."
        }
    },
    {
        "model": "app.faq",
        "pk": 11,
        "fields": {
            "question": "Are you recording all data continuously?",
            "answer": "No."
        }
    },
    {
        "model": "app.faq",
        "pk": 12,
        "fields": {
            "question": "Do you retrieve data from password-protected cameras?",
            "answer": "Only if the camera owner gives us the password. We will not guess the password of any camera."
        }
    },
    {
        "model": "app.history",
        "pk": 4,
        "fields": {
            "month": 7,
            "year": 2017,
            "event": "Third Low-Power Image Recognition Challenge was held at the Annual Conference on Computer Vision and Pattern Recognition"
        }
    },
    {
        "model": "app.history",
        "pk": 5,
        "fields": {
            "month": 6,
            "year": 2017,
            "event": "Dr. Anup Mohan graduated and joined Intel"
        }
    },
    {
        "model": "app.history",
        "pk": 6,
        "fields": {
            "month": 5,
            "year": 2017,
            "event": "Bo Fu visited Nanyang Technological University for one month"
        }
    },
    {
        "model": "app.history",
        "pk": 7,
        "fields": {
            "month": 5,
            "year": 2017,
            "event": "Fengjian Pan visited University of Dortmund for two months"
        }
    },
    {
        "model": "app.history",
        "pk": 8,
        "fields": {
            "month": 4,
            "year": 2017,
            "event": "Dr. Yung-Hsiang Lu was promoted to a full professor"
        }
    },
    {
        "model": "app.history",
        "pk": 9,
        "fields": {
            "month": 3,
            "year": 2017,
            "event": "Dr. George K. Thiruvathukal joined the CAM2 as the team manager"
        }
    },
    {
        "model": "app.history",
        "pk": 10,
        "fields": {
            "month": 2,
            "year": 2017,
            "event": "CAM2 receives a GOALI grant the National Science Foundation for collaboration with Intel"
        }
    },
    {
        "model": "app.history",
        "pk": 11,
        "fields": {
            "month": 12,
            "year": 2016,
            "event": "Dr. Ahmed Kaseb graduated and joined Cairo University as an assistant professor"
        }
    },
    {
        "model": "app.history",
        "pk": 12,
        "fields": {
            "month": 11,
            "year": 2016,
            "event": "Kyle McNulty and Everett Berry spoke at Purdue TEDx"
        }
    },
    {
        "model": "app.history",
        "pk": 13,
        "fields": {
            "month": 11,
            "year": 2016,
            "event": "Dr. George K. Thiruvathukal joined the project as a consultant"
        }
    },
    {
        "model": "app.history",
        "pk": 14,
        "fields": {
            "month": 6,
            "year": 2016,
            "event": "Second Low-Power Image Recognition Challenge was held at the Design Automation Conference"
        }
    },
    {
        "model": "app.history",
        "pk": 15,
        "fields": {
            "month": 6,
            "year": 2016,
            "event": "Perceive Inc. receives SBIR-1 from the National Science Foundation (IIP-1622082)"
        }
    },
    {
        "model": "app.history",
        "pk": 16,
        "fields": {
            "month": 11,
            "year": 2015,
            "event": "Dr. Yung-Hsiang Lu, Kyle McNulty, Everett Berry, and Andrew Blejde founded Perceive Inc."
        }
    },
    {
        "model": "app.history",
        "pk": 17,
        "fields": {
            "month": 11,
            "year": 2015,
            "event": "Dr. Yung-Hsiang Lu delivered a keynote speech in International Conference on Cloud Computing and Big Data"
        }
    },
    {
        "model": "app.history",
        "pk": 18,
        "fields": {
            "month": 10,
            "year": 2015,
            "event": "Dr. Yung-Hsiang Lu moderated a panel on \"Opportunities and Challenges of Globally Networked Cameras\" in ACM Multimedia"
        }
    },
    {
        "model": "app.history",
        "pk": 19,
        "fields": {
            "month": 7,
            "year": 2015,
            "event": "CAM2 receives a grant from the National Science Foundation (ACI-1535108)"
        }
    },
    {
        "model": "app.history",
        "pk": 20,
        "fields": {
            "month": 6,
            "year": 2015,
            "event": "First Low-Power Image Recognition Challenge was held at the Design Automation Conference"
        }
    },
    {
        "model": "app.history",
        "pk": 21,
        "fields": {
            "month": 4,
            "year": 2015,
            "event": "Dr. Yung-Hsiang Lu, Kyle McNulty, and Andrew Blejde receive I-Corps from the National Science Foundation (IIP-1530914)"
        }
    },
    {
        "model": "app.history",
        "pk": 22,
        "fields": {
            "month": 9,
            "year": 2014,
            "event": "National University of Singapore and Purdue sign an agreement to use CAM\u00b2 in an NUS student project supervised by Professor Wei Tsang Ooi."
        }
    },
    {
        "model": "app.history",
        "pk": 23,
        "fields": {
            "month": 9,
            "year": 2014,
            "event": "Camera Count exceeds 50,000"
        }
    },
    {
        "model": "app.history",
        "pk": 24,
        "fields": {
            "month": 8,
            "year": 2014,
            "event": "Receive NSF IIA-1427808 grant \"US-Singapore Workshop: Collaborative Research: Understand the World by Analyzing Many Video Streams\""
        }
    },
    {
        "model": "app.history",
        "pk": 25,
        "fields": {
            "month": 7,
            "year": 2014,
            "event": "Alpha-1 release"
        }
    },
    {
        "model": "app.history",
        "pk": 26,
        "fields": {
            "month": 4,
            "year": 2014,
            "event": "Dr. Lu speaks about CAM2 in Microsoft Research (eScience in the Cloud)"
        }
    },
    {
        "model": "app.history",
        "pk": 27,
        "fields": {
            "month": 4,
            "year": 2014,
            "event": "Receive $3,500 (second prize) in the Schurz Innovation Challenge"
        }
    },
    {
        "model": "app.history",
        "pk": 28,
        "fields": {
            "month": 12,
            "year": 2013,
            "event": "Camera Count exceeds 10,000"
        }
    },
    {
        "model": "app.history",
        "pk": 29,
        "fields": {
            "month": 9,
            "year": 2013,
            "event": "Camera Count exceeds 1,000"
        }
    },
    {
        "model": "app.history",
        "pk": 30,
        "fields": {
            "month": 8,
            "year": 2012,
            "event": "The CAM2 project starts as an undergraduate project with the name \"Big Visual Data\". Advisors: Yung-Hsiang Lu and Edward J Delp"
        }
    },
    {
        "model": "app.history",
        "pk": 33,
        "fields": {
            "month": 9,
            "year": 2017,
            "event": "Perceive Inc., founded by former team leaders Kyle McNulty and Everett Berry, received NSF SBIR-II"
        }
    },
    {
        "model": "app.publication",
        "pk": 3,
        "fields": {
            "paperinfo": "Creating the World's Largest Real-Time Camera Network",
            "conference": "Imaging and Multimedia Analytics in a Web and Mobile World 2017",
            "authors": "Ryan Dailey, Ahmed S Kaseb, Chandler Brown, Sam Jenkins, Sam Yellin, Fengjian Pan, Yung-Hsiang Lu",
            "paperlink": "https://drive.google.com/uc?id=1479pCURB0qsDXMOfdWBarYYTbIyrDcYf"
        }
    },
    {
        "model": "app.publication",
        "pk": 4,
        "fields": {
            "paperinfo": "Internet of Video Things in 2030: a World with Many Cameras",
            "conference": "IEEE International Symposium of Circuits and Systems 2017",
            "authors": "Anup Mohan, Kent Gauen, Yung-Hsiang Lu, Wei Wayne Li, Xuemin Chen",
            "paperlink": "https://drive.google.com/uc?id=15dsOn_VmnC9LWzXrPnqCQj44XKq6mwEe"
        }
    },
    {
        "model": "app.publication",
        "pk": 5,
        "fields": {
            "paperinfo": "Location Based Cloud Resource Management for Analyzing Real-Time Video from Globally Distributed Network Cameras",
            "conference": "IEEE International Conference on Cloud Computing Technology and Science (CloudCom)",
            "authors": "Anup Mohan, Ahmed S. Kaseb, Yung-Hsiang Lu, Thomas J. Hacker",
            "paperlink": "https://drive.google.com/uc?id=1qbwafS6H5Fs81uSjBulmMm3Lw4mhlj8d"
        }
    },
    {
        "model": "app.publication",
        "pk": 6,
        "fields": {
            "paperinfo": "Predictive Model for Dynamically Provisioning Resources in Multi-Tier Web Applications",
            "conference": "IEEE International Conference on Cloud Computing Technology and Science (CloudCom) 2016",
            "authors": "Saurav Nanda Thomas J Hacker Yung-Hsiang Lu",
            "paperlink": "https://drive.google.com/uc?id=1Kx8rLAY0HwJdE82buT0u5lsUcrWol8LE"
        }
    },
    {
        "model": "app.publication",
        "pk": 7,
        "fields": {
            "paperinfo": "Improve Safety using Public Network Cameras",
            "conference": "IEEE Symposium on Technologies for Homeland Security 2016",
            "authors": "Youngsol Koh, Anup Mohan, Guizhen Wang, Hanye Xu, Abish Malik, Yung-Hsiang Lu, and David S. Ebert",
            "paperlink": "https://drive.google.com/uc?id=1HWkyMQtwn8d1-AwfQG_Ug3_6mvaRoACC"
        }
    },
    {
        "model": "app.publication",
        "pk": 8,
        "fields": {
            "paperinfo": "Yung-Hsiang Lu, Milind Kulkarni, and Xiaojin Zhu Programming Language Support for Analyzing Non-Persistent Data IEEE Symposium on Technologies for Homeland Security 2016",
            "conference": null,
            "authors": null,
            "paperlink": "https://engineering.purdue.edu/HELPS/Publications/papers/2016IEEEHSTNPD.pdf"
        }
    },
    {
        "model": "app.publication",
        "pk": 9,
        "fields": {
            "paperinfo": "Youngsol Koh and Yung-Hsiang Lu, \"Large-scale Image Processing using Amazon EC2 Spot Instances\", IS&T International Symposium on Electronic Imaging in the Image Quality and System Performance Conference 2016",
            "conference": null,
            "authors": null,
            "paperlink": "https://engineering.purdue.edu/HELPS/Publications/papers/KohLuEI2016.pdf"
        }
    },
    {
        "model": "app.publication",
        "pk": 10,
        "fields": {
            "paperinfo": "Milind Kulkarni and Yung-Hsiang Lu, Beyond Big Data-Rethinking Programming Languages for Non-Persistent Data, International Conference on Cloud Computing and Big Data 2015",
            "conference": null,
            "authors": null,
            "paperlink": "https://engineering.purdue.edu/HELPS/Publications/papers/CCBD2015Kulkarni.pdf"
        }
    },
    {
        "model": "app.publication",
        "pk": 11,
        "fields": {
            "paperinfo": "Ahmed S. Kaseb, Anup Mohan and Yung-Hsiang Lu, Cloud Resource Management for Image and Video Analysis of Big Data from Network Cameras, International Conference on Cloud Computing and Big Data 2015 (best paper award)",
            "conference": null,
            "authors": null,
            "paperlink": "https://engineering.purdue.edu/HELPS/Publications/papers/CCBD2015Kaseb.pdf"
        }
    },
    {
        "model": "app.publication",
        "pk": 12,
        "fields": {
            "paperinfo": "Everett Berry, Yung-Hsiang Lu, and Wei-Tsung Su, Using Global Camera Networks to Create Multimedia Content, International Conference on Cloud Computing and Big Data 2015",
            "conference": null,
            "authors": null,
            "paperlink": "https://engineering.purdue.edu/HELPS/Publications/papers/CCBD2015Berry.pdf"
        }
    },
    {
        "model": "app.publication",
        "pk": 13,
        "fields": {
            "paperinfo": "Wenyi Chen, Yung-Hsiang Lu and Thomas Hacker, \"Adaptive Cloud Resource Allocation for Analysing Many Video Streams\", IEEE International Conference on Cloud Computing Technology and Science (CloudCom) 2015",
            "conference": null,
            "authors": null,
            "paperlink": "https://engineering.purdue.edu/HELPS/Publications/papers/Cloudcom2015.pdf"
        }
    },
    {
        "model": "app.publication",
        "pk": 14,
        "fields": {
            "paperinfo": "Joanna Batstone, Touradj Ebrahimi, Tiejun Huang, Yung-Hsiang Lu, and Yonggang Wen, \"Opportunities and Challenges of Global Network Cameras\", Panel in ACM Multimedia 2015",
            "conference": null,
            "authors": null,
            "paperlink": "https://engineering.purdue.edu/HELPS/Publications/papers/ACMMM2015.pdf"
        }
    },
    {
        "model": "app.publication",
        "pk": 15,
        "fields": {
            "paperinfo": "Multimedia Content Creation using Global Network Cameras: The Making of CAM2",
            "conference": "GlobalSIP 2015",
            "authors": "Ahmed S. Kaseb, Youngsol Koh, Everett Berry, Kyle McNulty,Yung-Hsiang Lu, Edward J. Delp",
            "paperlink": "https://engineering.purdue.edu/HELPS/Publications/papers/GlobalSIP2015.pdf"
        }
    },
    {
        "model": "app.publication",
        "pk": 16,
        "fields": {
            "paperinfo": "S. M. Iftekharul Alam, Sonia Fahmy, and Yung-Hsiang Lu, \"LiTMaS: Live road Traffic Maps for Smartphones\",  IEEE WoWMoM Workshop on Video Everywhere 2015",
            "conference": null,
            "authors": null,
            "paperlink": "https://engineering.purdue.edu/HELPS/Publications/papers/15AlamFahmyLuWoWMoM.pdf"
        }
    },
    {
        "model": "app.publication",
        "pk": 17,
        "fields": {
            "paperinfo": "Wei-Tsung Su, Kyle McNulty, and Yung-Hsiang Lu, \"Teaching Large-Scale Image Processing over Worldwide Network Cameras\", IEEE International Conference on Digital Signal Processing 2015",
            "conference": null,
            "authors": null,
            "paperlink": "https://engineering.purdue.edu/HELPS/Publications/papers/IEEEDSP2015.pdf"
        }
    },
    {
        "model": "app.publication",
        "pk": 18,
        "fields": {
            "paperinfo": "Comparing policies for open data from publicly accessible international sources",
            "conference": "Annual Conference International Association for Social Science Information Services & Technology 2015",
            "authors": "Line C Pouchard,  Megan Sapp Nelson, Yung-Hsiang Lu",
            "paperlink": "https://engineering.purdue.edu/HELPS/Publications/papers/PouchardNelsonLu2015IASSIST.pdf"
        }
    },
    {
        "model": "app.publication",
        "pk": 19,
        "fields": {
            "paperinfo": "Harvest the Information from Multimedia Big Data in Global Camera Networks",
            "conference": "IEEE International Conference on Multimedia Big Data 2015",
            "authors": "Wei-Tsung Su, Yung-Hsiang Lu, and Ahmed S. Kaseb",
            "paperlink": "https://engineering.purdue.edu/HELPS/Publications/papers/SuLuKaseb2015BigMM.pdf"
        }
    },
    {
        "model": "app.publication",
        "pk": 20,
        "fields": {
            "paperinfo": "An interactive web-based system for large-scale analysis of distributed cameras",
            "conference": "Imaging and Multimedia Analytics in a Web and Mobile World 2015",
            "authors": "Ahmed S. Kaseb, Everett Berry, Erik Rozolis, Kyle McNulty, Seth Bontrager, Youngsol Koh, Yung-Hsiang Lu, Edward J. Delp",
            "paperlink": "https://engineering.purdue.edu/HELPS/Publications/papers/2015EICAM2.pdf"
        }
    },
    {
        "model": "app.publication",
        "pk": 21,
        "fields": {
            "paperinfo": "Worldview and route planning using live public cameras",
            "conference": "Imaging and Multimedia Analytics in a Web and Mobile World 2015",
            "authors": "Ahmed S. Kaseb, Wenyi Chen, Ganesh Gingade, Yung-Hsiang Lu",
            "paperlink": "https://engineering.purdue.edu/HELPS/Publications/papers/2015EIMobile.pdf"
        }
    },
    {
        "model": "app.publication",
        "pk": 22,
        "fields": {
            "paperinfo": "Webcam classification using simple features",
            "conference": "Computational Imaging 2015",
            "authors": "Thitiporn Pramoun, Jeehyun Choe, He Li, Qingshuang Chen, humrongrat Amornraksa, Yung-Hsiang Lu, Edward J. Delp III",
            "paperlink": "https://engineering.purdue.edu/HELPS/Publications/papers/2015EIWebcam.pdf"
        }
    },
    {
        "model": "app.publication",
        "pk": 23,
        "fields": {
            "paperinfo": "Data Sharing and Re-Use Policies for Webcam Video Feeds from International Sources",
            "conference": "IASSIST Quarterly, Volume 39, Number 4, 2015",
            "authors": "Line C. Pouchard, Megan Sapp Nelson, and Yung-Hsiang Lu",
            "paperlink": null
        }
    },
    {
        "model": "app.publication",
        "pk": 24,
        "fields": {
            "paperinfo": "Analysis of Large-Scale Distributed Cameras Using Cloud",
            "conference": "IEEE Cloud Computing, featured article in September / October 2015",
            "authors": "Wenyi Chen, Anup Mohan, Yung-Hsiang Lu, Thomas Hacker, Wei Tsang Ooi, Edward J Delp",
            "paperlink": null
        }
    },
    {
        "model": "app.publication",
        "pk": 25,
        "fields": {
            "paperinfo": "A System for Large-Scale Analysis of Distributed Cameras",
            "conference": "IEEE Global Conference on Signal and Information Processing 2014",
            "authors": "Ahmed S. Kaseb, Everett Berry, Youngsol Koh, Anup Mohan, Wenyi Chen, He Li, Yung-Hsiang Lu, and Edward J. Delp",
            "paperlink": "https://engineering.purdue.edu/HELPS/Publications/papers/GlobalSIP2014.pdf"
        }
    },
    {
        "model": "app.publication",
        "pk": 26,
        "fields": {
            "paperinfo": "An Instructional Cloud-Based Testbed for Image and Video Analytics",
            "conference": "the Emerging Issues in Cloud Workshop of CloudCom 2014",
            "authors": "Thomas J. Hacker, Yung-Hsiang Lu",
            "paperlink": "https://engineering.purdue.edu/HELPS/Publications/papers/2014CloudCom.pdf"
        }
    },
    {
        "model": "app.publication",
        "pk": 27,
        "fields": {
            "paperinfo": "Image-Based Geographical Location Estimation Using Web Cameras",
            "conference": "Southwest Symposium on Image Analysis and Interpretation 2014",
            "authors": "Jeehyun Choe, Thitiporn Pramoun, Thumrongrat Amornraksa, Yung-Hsiang Lu, and Edward J. Delp,",
            "paperlink": "https://engineering.purdue.edu/HELPS/Publications/papers/SSIAI2014.pdf"
        }
    },
    {
        "model": "app.publication",
        "pk": 29,
        "fields": {
            "paperinfo": "Comparison of Visual Datasets for Machine Learning",
            "conference": "IEEE 18th International Conference on Information Reuse and Integration (IEEE IRI 2017), San Diege, CA, USA, August 4-6, 2017.",
            "authors": "Kent Gauen, Ryan Dailey, John Laiman, Yuxiang Zi, Nirmal Asokan, Yung-Hsiang Lu, George K. Thiruvathukal, Mei-Ling Shyu, and Shu-Ching Chen, \"",
            "paperlink": "http://ieeexplore.ieee.org/stamp/stamp.jsp?tp=&arnumber=7959647"
        }
    },
    {
        "model": "app.publication",
        "pk": 31,
        "fields": {
            "paperinfo": "Analyzing Real-Time Multimedia Content From Network Cameras Using CPUs and GPUs in the Cloud",
            "conference": "IEEE International Conference on Multimedia Information Processing and Retrieval 2018.",
            "authors": "Ahmed S. Kaseb, Bo Fu, Anup Mohan, Yung-Hsiang Lu, Amy Reibman, George K. Thiruvathukal",
            "paperlink": null
        }
    },
    {
        "model": "app.publication",
        "pk": 32,
        "fields": {
            "paperinfo": "Determining the Necessary Frame Rate of Video Data for Object Tracking under Accuracy and Cost Constraints",
            "conference": "IEEE International Conference on Multimedia Information Processing and Retrieval 2018",
            "authors": "Anup Mohan, Ahmed S. Kaseb, Kent W. Gauen, Yung-Hsiang Lu, Amy R. Reibman, and Thomas J. Hacker,",
            "paperlink": null
        }
    },
    {
        "model": "app.publication",
        "pk": 39,
        "fields": {
            "paperinfo": "Parallel Video Processing using Embedded Computers",
            "conference": "IEEE Global Conference on Signal and Information Processing 2017",
            "authors": "Bo Fu, Anup Mohan, Yifan Li, Sanghyun Cho, Kent Gauen, Yung-Hsiang Lu",
            "paperlink": "https://drive.google.com/uc?id=13_w_V3of9AwnFwT48B7G7XnTX3NHu31X"
        }
    },
    {
        "model": "app.publication",
        "pk": 40,
        "fields": {
            "paperinfo": "Image-Based Geographical Location Estimation Using Web Cameras",
            "conference": "Southwest Symposium on Image Analysis and Interpretation 2014",
            "authors": "Jeehyun Choe, Thitiporn Pramoun, Thumrongrat Amornraksa, Yung-Hsiang Lu, and Edward J. Delp,",
            "paperlink": "https://engineering.purdue.edu/HELPS/Publications/papers/SSIAI2014.pdf"
        }
    },
    {
        "model": "app.publication",
        "pk": 42,
        "fields": {
            "paperinfo": "Opportunities and Challenges of Global Network Cameras",
            "conference": "ACM Multimedia 2015",
            "authors": "Joanna Batstone, Touradj Ebrahimi, Tiejun Huang, Yung-Hsiang Lu, and Yonggang Wen",
            "paperlink": "https://engineering.purdue.edu/HELPS/Publications/papers/ACMMM2015.pdf"
        }
    },
    {
        "model": "app.publication",
        "pk": 43,
        "fields": {
            "paperinfo": "Multimedia Content Creation using Global Network Cameras: The Making of CAM2",
            "conference": "GlobalSIP 2015",
            "authors": "Ahmed S. Kaseb, Youngsol Koh, Everett Berry, Kyle McNulty,Yung-Hsiang Lu, Edward J. Delp",
            "paperlink": "https://engineering.purdue.edu/HELPS/Publications/papers/GlobalSIP2015.pdf"
        }
    },
    {
        "model": "app.publication",
        "pk": 44,
        "fields": {
            "paperinfo": "LiTMaS: Live road Traffic Maps for Smartphones",
            "conference": "IEEE WoWMoM Workshop on Video Everywhere 2015",
            "authors": "S. M. Iftekharul Alam, Sonia Fahmy, and Yung-Hsiang Lu",
            "paperlink": "https://engineering.purdue.edu/HELPS/Publications/Publications/papers/15AlamFahmyLuWoWMoM.pdf"
        }
    },
    {
        "model": "app.publication",
        "pk": 45,
        "fields": {
            "paperinfo": "Teaching Large-Scale Image Processing over Worldwide Network Cameras",
            "conference": "IEEE International Conference on Digital Signal Processing 2015",
            "authors": "Wei-Tsung Su, Kyle McNulty, and Yung-Hsiang Lu",
            "paperlink": "https://engineering.purdue.edu/HELPS/Publications/papers/IEEEDSP2015.pdf"
        }
    },
    {
        "model": "app.publication",
        "pk": 46,
        "fields": {
            "paperinfo": "Comparing policies for open data from publicly accessible international sources",
            "conference": "Annual Conference International Association for Social Science Information Services & Technology 2015",
            "authors": "Line C Pouchard,  Megan Sapp Nelson, Yung-Hsiang Lu",
            "paperlink": "https://engineering.purdue.edu/HELPS/Publications/Publications/papers/PouchardNelsonLu2015IASSIST.pdf"
        }
    },
    {
        "model": "app.publication",
        "pk": 47,
        "fields": {
            "paperinfo": "Harvest the Information from Multimedia Big Data in Global Camera Networks",
            "conference": "IEEE International Conference on Multimedia Big Data 2015.",
            "authors": "Wei-Tsung Su, Yung-Hsiang Lu, and Ahmed S. Kaseb",
            "paperlink": "https://engineering.purdue.edu/HELPS/Publications/papers/SuLuKaseb2015BigMM.pdf"
        }
    },
    {
        "model": "app.team",
        "pk": 3,
        "fields": {
            "teamimg": "https://drive.google.com/uc?id=184Iq_VZS8cTnrTpS3TeLb1DdY-Zy3_ON"
        }
    },
    {
        "model": "app.team",
        "pk": 5,
        "fields": {
            "teamimg": "https://drive.google.com/uc?id=1uKDeHx6FMIVY4uyQibGOpyG3UmUJ4emJ"
        }
    },
    {
        "model": "app.faculty",
        "pk": 1,
        "fields": {
            "img": "https://drive.google.com/uc?id=13qE7JxFwB2xuVEEDDvoMK9oEkOf5DWNU",
            "title": "Project Director",
            "name": "Yung Hsiang",
            "namelast": "Lu",
            "pagelink": "https://engineering.purdue.edu/HELPS/Faculty/yunglu.html"
        }
    },
    {
        "model": "app.faculty",
        "pk": 2,
        "fields": {
            "img": "https://drive.google.com/uc?id=1F4Cjrc2SxyyiBDSRBwdGs24Gy0DrfCU0",
            "title": "Team Manager",
            "name": "George K.",
            "namelast": "Thiruvathukal",
            "pagelink": "http://luc.edu/cs/people/ftfaculty/gkt.shtml"
        }
    },
    {
        "model": "app.sponsor",
        "pk": 4,
        "fields": {
            "sponname": "National Science Foundation",
            "spondescr": "ACI-1535108, IIP-1530914, OISE-1427808, CNS-0958487",
            "sponlink": "https://www.nsf.gov/awardsearch/showAward?AWD_ID=0958487",
            "logolink": "https://www.nsf.gov/images/logos/NSF_4-Color_bitmap_Logo.png"
        }
    },
    {
        "model": "app.sponsor",
        "pk": 5,
        "fields": {
            "sponname": "Lynn CSE Fellowship",
            "spondescr": null,
            "sponlink": null,
            "logolink": "https://spaf.cerias.purdue.edu/images/PUsig_gold.gif"
        }
    },
    {
        "model": "app.sponsor",
        "pk": 6,
        "fields": {
            "sponname": "Amazon",
            "spondescr": null,
            "sponlink": "https://www.amazon.com/?tag=amazusnavi-20&hvadid=261574053321&hvpos=1t1&hvnetw=g&hvrand=1749427995728053515&hvpone=&hvptwo=&hvqmt=e&hvdev=c&hvdvcmdl=&hvlocint=&hvlocphy=9016722&hvtargid=kwd-13273016&ref=pd_sl_7j18redljs_e_p37",
            "logolink": "https://upload.wikimedia.org/wikipedia/commons/thumb/7/70/Amazon_logo_plain.svg/2000px-Amazon_logo_plain.svg.png"
        }
    },
    {
        "model": "app.sponsor",
        "pk": 7,
        "fields": {
            "sponname": "Microsoft",
            "spondescr": null,
            "sponlink": "https://www.microsoft.com/en-us/",
            "logolink": "https://upload.wikimedia.org/wikipedia/commons/thumb/9/96/Microsoft_logo_%282012%29.svg/2000px-Microsoft_logo_%282012%29.svg.png"
        }
    },
    {
        "model": "app.sponsor",
        "pk": 8,
        "fields": {
            "sponname": "Google",
            "spondescr": null,
            "sponlink": "https://www.google.com/about/",
            "logolink": "https://upload.wikimedia.org/wikipedia/commons/thumb/2/2f/Google_2015_logo.svg/800px-Google_2015_logo.svg.png"
        }
    },
    {
        "model": "app.sponsor",
        "pk": 9,
        "fields": {
            "sponname": "Facebook",
            "spondescr": null,
            "sponlink": "https://newsroom.fb.com/company-info/",
            "logolink": "http://www.thechuckle.co.uk/resources/faceboo-logo-icon.png"
        }
    },
    {
        "model": "app.sponsor",
        "pk": 10,
        "fields": {
            "sponname": "Intel",
            "spondescr": null,
            "sponlink": "https://www.intel.com/content/www/us/en/homepage.html",
            "logolink": "https://upload.wikimedia.org/wikipedia/commons/thumb/c/c9/Intel-logo.svg/2000px-Intel-logo.svg.png"
        }
    },
    {
        "model": "app.sponsor",
        "pk": 11,
        "fields": {
            "sponname": "Argonne",
            "spondescr": null,
            "sponlink": "http://www.anl.gov/",
            "logolink": "https://blogs.anl.gov/aaa-erg/wp-content/themes/argonne_twentyseventeen/resources/argonne-national-lab.png"
        }
    },
    {
        "model": "app.leader",
        "pk": 1,
        "fields": {
            "leaderimg": "https://drive.google.com/uc?id=1F4Cjrc2SxyyiBDSRBwdGs24Gy0DrfCU0",
            "leadertitle": "Team Manager",
            "leadername": "George K. Thiruvathukal",
            "leaderpagelink": "http://luc.edu/cs/people/ftfaculty/gkt.shtml"
        }
    },
    {
        "model": "app.leader",
        "pk": 2,
        "fields": {
            "leaderimg": "https://drive.google.com/uc?id=13qE7JxFwB2xuVEEDDvoMK9oEkOf5DWNU",
            "leadertitle": "Project Director",
            "leadername": "Yung Hsiang Lu",
            "leaderpagelink": "https://engineering.purdue.edu/HELPS/Faculty/yunglu.html"
        }
    },
    {
        "model": "app.poster",
        "pk": 1,
        "fields": {
            "posterimg": "https://drive.google.com/uc?id=1Igw7QFTApkVmdOfhaBawCYA1y64Vvc1S"
        }
    },
    {
        "model": "app.poster",
        "pk": 2,
        "fields": {
            "posterimg": "https://drive.google.com/uc?id=1QHUWAEOn38URg-v2fSyjOH38wR0_w-8H"
        }
    },
    {
        "model": "app.video",
        "pk": 2,
        "fields": {
            "title": "Everett Berry's Advice",
            "user": "Everett Berry, CTO Perspective",
            "link": "https://www.youtube.com/embed/aNuXCCibCRU",
            "description": "Everett shares his experience of doing research and how it becomes his passion and career."
        }
    },
    {
        "model": "app.video",
        "pk": 3,
        "fields": {
            "title": "Interview with Everett Berry",
            "user": "Everett Berry, CTO Perspective",
            "link": "https://www.youtube.com/embed/lpbFLdf3u3o",
            "description": "In this video, Everett gives undergraduate researchers advice on how to succeed."
        }
    },
    {
        "model": "app.video",
        "pk": 4,
        "fields": {
            "title": "CAM2 Spring 2018 Alumni",
            "user": "The CAM2 Team Members who graduated in Spring 2018.",
            "link": "https://www.youtube.com/embed/1LGjSqQ953A",
            "description": "The recent graduates discuss their experience with CAM2."
        }
    },
    {
        "model": "app.video",
        "pk": 5,
        "fields": {
            "title": "CAM2 Impact",
            "user": "Ali Cataltepe, graduated in 2018, joined California Institute of Technology as a PhD student. Joined CAM2 Camera Discovery team in 2016 summer.",
            "link": "https://www.youtube.com/embed/lyFB6Bijxkk",
            "description": "How CAM2 influenced career decision of Ali Cataltepe"
        }
    },
    {
        "model": "app.video",
        "pk": 6,
        "fields": {
            "title": "Research and Innovation",
            "user": "Mrigank Jha, graduated in 2015, joined World Wide Technology.",
            "link": "https://www.youtube.com/embed/oPeKHUHpU2c",
            "description": "Jha outlines his research experience in this video."
        }
    },
    {
        "model": "app.video",
        "pk": 7,
        "fields": {
            "title": "Innovation Challenges",
            "user": "Jinyi Zhang, graduated in 2016, joined Columbia University as a graduate student.",
            "link": "https://www.youtube.com/embed/fNZAGS9bj74",
            "description": "Jinyi explains how doing research helped him in graduate school."
        }
    },
    {
        "model": "app.video",
        "pk": 8,
        "fields": {
            "title": "Unique Work",
            "user": "Joseph Sweeney, graduated in 2017, joined Carnegie Mellon University as a graduate student.",
            "link": "https://www.youtube.com/embed/p--yMuGqO-o",
            "description": "Joseph explains how undergraduate research is different from normal classwork."
        }
    },
    {
        "model": "app.video",
        "pk": 9,
        "fields": {
            "title": "Travis Tutorial",
            "user": "Travis Tutorial",
            "link": "https://www.youtube.com/embed/p2kSN7dDfn0",
            "description": "An overview of Travis CI usage for development"
        }
    },
    {
        "model": "app.video",
        "pk": 10,
        "fields": {
            "title": "CAM2 Project Party Part 1",
            "user": "CAM2 Project Purdue",
            "link": "https://www.youtube.com/embed/7Ao2zCYV9I8",
            "description": "On 2018/06/13, the team had a party celebrating the accomplishments and progress. Wenjing Bao and Xiao Hu (playing guitar) sing in the concert."
        }
    },
    {
        "model": "app.video",
        "pk": 11,
        "fields": {
            "title": "CAM2 Project Party Part 2",
            "user": "CAM2 Project Purdue",
            "link": "https://www.youtube.com/embed/XdYikQSbC8o",
            "description": "On 2018/06/13, the team had a party celebrating the accomplishments and progress. Wenjing Bao and Xiao Hu (playing guitar) sing in the concert."
        }
    },
    {
        "model": "app.video",
        "pk": 12,
        "fields": {
            "title": "CAM2 Project Party Part 3",
            "user": "CAM2 Project Purdue",
            "link": "https://www.youtube.com/embed/f9jihago9kg",
            "description": "On 2018/06/13, the team had a party celebrating the accomplishments and progress. Professor George K. Thiruvathukal played keyboard."
        }
    },
    {
        "model": "app.video",
        "pk": 13,
        "fields": {
            "title": "Creating the World's Largest Real-Time Camera Network",
            "user": "CAM2 Project Purdue",
            "link": "https://www.youtube.com/embed/6KTsPc7Cx_Y",
            "description": "Ryan Dailey, Ahmed S Kaseb, Chandler Brown, Sam Jenkins, Sam Yellin, Fengjian Pan, Yung-Hsiang Lu, \"Creating the World's Largest Real-Time Camera Network\", Imaging and Multimedia Analytics in a Web and Mobile World 2017"
        }
    },
    {
        "model": "app.subteam",
        "pk": 1,
        "fields": {
            "name": "WebUI",
            "description": "Maintain, update and improve the content and user interface at cam2project.net. Build the new website for helps site."
        }
    },
    {
        "model": "app.subteam",
        "pk": 2,
        "fields": {
            "name": "Image Database",
            "description": "To aggregate all scattered data in a centralized location and add general functionality to it. We want to design a database that can retrieve data(image or video), build index by object detection and store the data and index."
        }
    },
    {
        "model": "app.subteam",
        "pk": 3,
        "fields": {
            "name": "Camera Reliability",
            "description": "Find factors to identify useful cameras for emergency responses"
        }
    },
    {
        "model": "app.subteam",
        "pk": 4,
        "fields": {
            "name": "Context-Based Vision",
            "description": "Finding a way to incorporate parameters such as location of the camera and time of the image taken into the neural network to improve object detection accuracy of the image."
        }
    },
    {
        "model": "app.subteam",
        "pk": 5,
        "fields": {
            "name": "Software Engineering",
            "description": "Developing a software engineering process for the all teams in CAM2."
        }
    },
    {
        "model": "app.subteam",
        "pk": 6,
        "fields": {
            "name": "Embedded Vision",
            "description": "To implement computer vision algorithms such as person re-identification and object tracking on embedded computer systems."
        }
    },
    {
        "model": "app.subteam",
        "pk": 8,
        "fields": {
            "name": "Camera Database API and Discovery",
            "description": "Ensure easily accessibility of the camera database. To ensure the correctness of data in the database"
        }
    },
    {
        "model": "app.subteam",
        "pk": 9,
        "fields": {
            "name": "Transfer Learning",
            "description": "Provide an effective and time efficient tool that can be used to transfer knowledge across image domain"
        }
    },
    {
        "model": "app.subteam",
        "pk": 10,
        "fields": {
            "name": "Active Learning",
            "description": "Provide relatively improved accuracy by reducing labelled data needed for training"
        }
    },
    {
        "model": "app.subteam",
        "pk": 11,
        "fields": {
            "name": "Drone Video",
            "description": "Develop autonomous solution for a drone to detect doors and handles. We are looking into different approaches: point cloud library(PCL), Tensorflow object-detection API, SIFT & SURF."
        }
    },
    {
        "model": "app.subteam",
        "pk": 12,
        "fields": {
            "name": "Forest Inventory Analysis",
            "description": "Use optical lens to detect DBH of each tree in a forest"
        }
    },
    {
        "model": "app.subteam",
        "pk": 13,
        "fields": {
            "name": "Human Behavior",
            "description": "To detect and map pedestrian traffic in targeted areas for land development. The data for analysis will be collected through twenty-four hour live feeds."
        }
    },
    {
        "model": "app.subteam",
        "pk": 14,
        "fields": {
            "name": "None",
            "description": "None"
        }
    },
    {
        "model": "app.teammember",
        "pk": 2,
        "fields": {
            "name": "Roopasree Naidu",
            "image_url": "https://drive.google.com/uc?id=1Q_qhjdZrOgbnq4EMwjJDGLzH-8AIkVAV",
            "subteam": 2,
            "iscurrentmember": true,
            "isdirector": false
        }
    },
    {
        "model": "app.teammember",
        "pk": 3,
        "fields": {
            "name": "Alex Xu",
            "image_url": "https://drive.google.com/uc?id=1jkuMnR8Xo3r6hyXoH88GVywJNbgvF8Fq",
            "subteam": 4,
            "iscurrentmember": true,
            "isdirector": true
        }
    },
    {
        "model": "app.teammember",
        "pk": 4,
        "fields": {
            "name": "Karan Oberoi",
            "image_url": "https://drive.google.com/uc?id=1u0hs8wV5hGHbV2zi13bykIF6D_HIvtd1",
            "subteam": 2,
            "iscurrentmember": true,
            "isdirector": false
        }
    },
    {
        "model": "app.teammember",
        "pk": 5,
        "fields": {
            "name": "Caleb Tung",
            "image_url": "https://drive.google.com/uc?id=1pidpcy4e1JFiKhTy6moR-SluAobN1qpR",
            "subteam": 4,
            "iscurrentmember": true,
            "isdirector": true
        }
    },
    {
        "model": "app.teammember",
        "pk": 6,
        "fields": {
            "name": "Sai Sravan Putikam",
            "image_url": "https://drive.google.com/uc?id=1MLJc0w2BzHPjLbjZrAKiBlozVcQwQ5Ob",
            "subteam": 2,
            "iscurrentmember": true,
            "isdirector": false
        }
    },
    {
        "model": "app.teammember",
        "pk": 7,
        "fields": {
            "name": "Matt Kelleher",
            "image_url": "https://drive.google.com/uc?id=10Ul1fEiyP4mQ2dwKtL_HhTRrOHFstAVm",
            "subteam": 4,
            "iscurrentmember": true,
            "isdirector": false
        }
    },
    {
        "model": "app.teammember",
        "pk": 8,
        "fields": {
            "name": "Sunghy Lee",
            "image_url": "https://drive.google.com/uc?id=18p6ZZHGHAKROa0pNebn2_eolbCqcAhXF",
            "subteam": 2,
            "iscurrentmember": true,
            "isdirector": false
        }
    },
    {
        "model": "app.teammember",
        "pk": 9,
        "fields": {
            "name": "Haoran Wang",
            "image_url": "https://drive.google.com/uc?id=1DnOIyIzN_LmC3BUQtuHWwdTHQYwdmTS-",
            "subteam": 2,
            "iscurrentmember": true,
            "isdirector": false
        }
    },
    {
        "model": "app.teammember",
        "pk": 10,
        "fields": {
            "name": "Myeongsu Kim",
            "image_url": "https://drive.google.com/uc?id=1q-2I-r9juAEWI93B-Ke0ZreufkTBo_kc",
            "subteam": 4,
            "iscurrentmember": true,
            "isdirector": false
        }
    },
    {
        "model": "app.teammember",
        "pk": 11,
        "fields": {
            "name": "Peter Huang",
            "image_url": "https://drive.google.com/uc?id=1bZxvHiZ-H7ACq55FpJQqbJgj8NZjZlcb",
            "subteam": 4,
            "iscurrentmember": true,
            "isdirector": false
        }
    },
    {
        "model": "app.teammember",
        "pk": 12,
        "fields": {
            "name": "Xiao Hu",
            "image_url": "https://drive.google.com/uc?id=1KdCAjjj4uGmZlPeYmvYBBixrT6Wyupkt",
            "subteam": 1,
            "iscurrentmember": true,
            "isdirector": true
        }
    },
    {
        "model": "app.teammember",
        "pk": 13,
        "fields": {
            "name": "Noureldin Hendy",
            "image_url": "https://drive.google.com/uc?id=1XH7d9o-iVO5af3bmBTGmpn8JKJLTcQhN",
            "subteam": 1,
            "iscurrentmember": true,
            "isdirector": false
        }
    },
    {
        "model": "app.teammember",
        "pk": 14,
        "fields": {
            "name": "Wenzhong Duan",
            "image_url": "https://drive.google.com/uc?id=1O4BZ8HwIiwSzgxW9CKk9zJVEl0JIirSb",
            "subteam": 11,
            "iscurrentmember": true,
            "isdirector": false
        }
    },
    {
        "model": "app.teammember",
        "pk": 15,
        "fields": {
            "name": "Ryan Dailey",
            "image_url": "https://docs.google.com/uc?id=14rWvOA2EhO4Xh9QgD52-HcJ6A3rc6QKk",
            "subteam": 8,
            "iscurrentmember": true,
            "isdirector": true
        }
    },
    {
        "model": "app.teammember",
        "pk": 16,
        "fields": {
            "name": "Shreya Ilango",
            "image_url": "https://drive.google.com/uc?id=1R7VBmTzGzmVL6snPYEMwtZjPeS56aIrQ",
            "subteam": 1,
            "iscurrentmember": true,
            "isdirector": false
        }
    },
    {
        "model": "app.teammember",
        "pk": 17,
        "fields": {
            "name": "Haobo Wang",
            "image_url": "https://drive.google.com/uc?id=1Ue4pPnW6LGruiFgDhrmKMDcscQQQmA2T",
            "subteam": 1,
            "iscurrentmember": true,
            "isdirector": false
        }
    },
    {
        "model": "app.teammember",
        "pk": 18,
        "fields": {
            "name": "Sripath Mishra",
            "image_url": "https://docs.google.com/uc?id=1VBRo4-fnfTBJez8oG-z1_dCdOtRizcs2",
            "subteam": 8,
            "iscurrentmember": true,
            "isdirector": true
        }
    },
    {
        "model": "app.teammember",
        "pk": 19,
        "fields": {
            "name": "Nikita Rajaneesh",
            "image_url": "https://drive.google.com/uc?id=1UW3Ngf5veWBewp1m1eA4PK6KF4Eb34qB",
            "subteam": 5,
            "iscurrentmember": true,
            "isdirector": false
        }
    },
    {
        "model": "app.teammember",
        "pk": 20,
        "fields": {
            "name": "Neil\tV. Adi",
            "image_url": "https://drive.google.com/uc?id=1VTQQ4q5Mbbjcozp19NpkodQzi71gtMOh",
            "subteam": 11,
            "iscurrentmember": true,
            "isdirector": false
        }
    },
    {
        "model": "app.teammember",
        "pk": 21,
        "fields": {
            "name": "Mohamad Alani",
            "image_url": "https://docs.google.com/uc?id=1w70Gq8MvcbSeYDSHy4Sa26YoGDrkd-pV",
            "subteam": 8,
            "iscurrentmember": true,
            "isdirector": false
        }
    },
    {
        "model": "app.teammember",
        "pk": 22,
        "fields": {
            "name": "Jiaen Chua",
            "image_url": "https://drive.google.com/uc?id=1RZBZpPLvoQCPb_m3Ia28XqYgWf8hJF_X",
            "subteam": 8,
            "iscurrentmember": true,
            "isdirector": false
        }
    },
    {
        "model": "app.teammember",
        "pk": 23,
        "fields": {
            "name": "Noah Curran",
            "image_url": "https://drive.google.com/uc?id=1N8rGvrEsznMMDRKI9OPPNCuodX6QodTC",
            "subteam": 5,
            "iscurrentmember": true,
            "isdirector": false
        }
    },
    {
        "model": "app.teammember",
        "pk": 24,
        "fields": {
            "name": "Krishna Kumar",
            "image_url": "https://docs.google.com/uc?id=1irzO3jgSb5iq01MduFSZ8XukKlLsI5cS",
            "subteam": 8,
            "iscurrentmember": true,
            "isdirector": false
        }
    },
    {
        "model": "app.teammember",
        "pk": 25,
        "fields": {
            "name": "Yu Cai",
            "image_url": "https://drive.google.com/uc?id=1dctzqD0o4Xy7Zc-PC-lUyBedtpOGktZI",
            "subteam": 5,
            "iscurrentmember": true,
            "isdirector": false
        }
    },
    {
        "model": "app.teammember",
        "pk": 26,
        "fields": {
            "name": "Shubham Bhokare",
            "image_url": "https://drive.google.com/uc?id=1ybuoG-i8RxX9ykDHKkWVd4nPkSVKNTBi",
            "subteam": 6,
            "iscurrentmember": true,
            "isdirector": false
        }
    },
    {
        "model": "app.teammember",
        "pk": 27,
        "fields": {
            "name": "Dimple Dhawan",
            "image_url": "https://docs.google.com/uc?id=1CWTub_9dC8sMDOnw-kRCBuLy5ZWWUurt",
            "subteam": 8,
            "iscurrentmember": true,
            "isdirector": false
        }
    },
    {
        "model": "app.teammember",
        "pk": 28,
        "fields": {
            "name": "Amol Jha",
            "image_url": "https://drive.google.com/uc?id=1LXq4qQzwsMglS0ydl5OEjdetuqqnCIky",
            "subteam": 6,
            "iscurrentmember": true,
            "isdirector": false
        }
    },
    {
        "model": "app.teammember",
        "pk": 29,
        "fields": {
            "name": "Paras R. Adhikary",
            "image_url": "https://docs.google.com/uc?id=15G0Ca-P3tg0ratigNCmEJKzMiPaYEGjH",
            "subteam": 6,
            "iscurrentmember": true,
            "isdirector": false
        }
    },
    {
        "model": "app.teammember",
        "pk": 30,
        "fields": {
            "name": "Ling Zhang",
            "image_url": "https://drive.google.com/uc?id=1RXN_xSbq4PMqxYyn5axDnyQlPt045vky",
            "subteam": 8,
            "iscurrentmember": true,
            "isdirector": false
        }
    },
    {
        "model": "app.teammember",
        "pk": 31,
        "fields": {
            "name": "Rahul Kartick",
            "image_url": "https://docs.google.com/uc?id=1LTU7ruQEgMk-LcJH7EcWl_g7PNX7VzTL",
            "subteam": 6,
            "iscurrentmember": true,
            "isdirector": false
        }
    },
    {
        "model": "app.teammember",
        "pk": 32,
        "fields": {
            "name": "Aniesh Chawla",
            "image_url": "https://docs.google.com/uc?id=1f_E1g1edncBYRwjzW5TcxUVUZBU6FGHr",
            "subteam": 3,
            "iscurrentmember": true,
            "isdirector": true
        }
    },
    {
        "model": "app.teammember",
        "pk": 33,
        "fields": {
            "name": "Zohar Kapach",
            "image_url": "https://drive.google.com/uc?id=1AneMENNyM3Pd8oCdymy6sHQ4K0Xd9V-E",
            "subteam": 9,
            "iscurrentmember": true,
            "isdirector": true
        }
    },
    {
        "model": "app.teammember",
        "pk": 34,
        "fields": {
            "name": "Zhaoya Sun",
            "image_url": "https://docs.google.com/uc?id=1DAhufVhmfUyFSYVy_PHB7viWnIXpzu4r",
            "subteam": 3,
            "iscurrentmember": true,
            "isdirector": false
        }
    },
    {
        "model": "app.teammember",
        "pk": 35,
        "fields": {
            "name": "Andrew Liu",
            "image_url": "https://docs.google.com/uc?id=1zLClekgLCLvk4A4U1QryqttcSBhsb_13",
            "subteam": 3,
            "iscurrentmember": true,
            "isdirector": false
        }
    },
    {
        "model": "app.teammember",
        "pk": 36,
        "fields": {
            "name": "Arshad Alikhan",
            "image_url": "https://drive.google.com/uc?id=1Tbnsqq3Ln6e2PpUv1NqSaRrosMTEev1M",
            "subteam": 9,
            "iscurrentmember": true,
            "isdirector": false
        }
    },
    {
        "model": "app.teammember",
        "pk": 37,
        "fields": {
            "name": "Yuefan Zu",
            "image_url": "https://docs.google.com/uc?id=1wfM2p9c5-q420lJWnaDOBZzpU8sW0heQ",
            "subteam": 3,
            "iscurrentmember": true,
            "isdirector": false
        }
    },
    {
        "model": "app.teammember",
        "pk": 38,
        "fields": {
            "name": "David Dang",
            "image_url": "https://docs.google.com/uc?id=1p4NKAGHJA4DhktkpYed-5ZTrreUBF1D5",
            "subteam": 9,
            "iscurrentmember": true,
            "isdirector": false
        }
    },
    {
        "model": "app.teammember",
        "pk": 39,
        "fields": {
            "name": "Qiwei Ye",
            "image_url": "https://drive.google.com/uc?id=1P4IGcIF0uAkcsAy4znptkzb72niC8dU4",
            "subteam": 11,
            "iscurrentmember": true,
            "isdirector": false
        }
    },
    {
        "model": "app.teammember",
        "pk": 40,
        "fields": {
            "name": "Abhay Sasidharan",
            "image_url": "https://docs.google.com/uc?id=1RTChXIjEGFyz7Jsxp3heYDOikWpPrSnq",
            "subteam": 9,
            "iscurrentmember": true,
            "isdirector": false
        }
    },
    {
        "model": "app.teammember",
        "pk": 41,
        "fields": {
            "name": "Karthik Maiya",
            "image_url": "https://docs.google.com/uc?id=1-9i-kY0JlXo4yBfUsA5xs3_wonPnwpfO",
            "subteam": 9,
            "iscurrentmember": true,
            "isdirector": false
        }
    },
    {
        "model": "app.teammember",
        "pk": 42,
        "fields": {
            "name": "Nathan M. Gizaw",
            "image_url": "https://drive.google.com/uc?id=14wMjUS5pq5Pk5gdZX6nN3qZPM7J4au3U",
            "subteam": 11,
            "iscurrentmember": true,
            "isdirector": false
        }
    },
    {
        "model": "app.teammember",
        "pk": 43,
        "fields": {
            "name": "Daniel Merrick",
            "image_url": "https://drive.google.com/uc?id=1koUREe_zN_NDltE4q-HrH9Qah7mzbHuL",
            "subteam": 9,
            "iscurrentmember": true,
            "isdirector": false
        }
    },
    {
        "model": "app.teammember",
        "pk": 44,
        "fields": {
            "name": "Andrew Ulmer",
            "image_url": "https://docs.google.com/uc?id=1bapO4W1p8-2m2GwJmmXu8MCqZYVICZYJ",
            "subteam": 9,
            "iscurrentmember": true,
            "isdirector": false
        }
    },
    {
        "model": "app.teammember",
        "pk": 45,
        "fields": {
            "name": "Jiahao Sun",
            "image_url": "https://drive.google.com/uc?id=1luXV_WElpGmIqfVaqGUMi5qAOzoqaERI",
            "subteam": 12,
            "iscurrentmember": true,
            "isdirector": false
        }
    },
    {
        "model": "app.teammember",
        "pk": 46,
        "fields": {
            "name": "Runjia Shen",
            "image_url": "https://drive.google.com/uc?id=1lFtulUR5w0dcCq71-ZmxpcwRZI729z4n",
            "subteam": 12,
            "iscurrentmember": true,
            "isdirector": false
        }
    },
    {
        "model": "app.teammember",
        "pk": 47,
        "fields": {
            "name": "Damini Rijhwani",
            "image_url": "https://drive.google.com/uc?id=1J9f5lySbmGXs0pap4uvG7AjuMm9pbNru",
            "subteam": 10,
            "iscurrentmember": true,
            "isdirector": true
        }
    },
    {
        "model": "app.teammember",
        "pk": 48,
        "fields": {
            "name": "Ashley Kim",
            "image_url": "https://docs.google.com/uc?id=1-Lcy5JtZ5eW0_lvPKKrosaaafExrY5mQ",
            "subteam": 10,
            "iscurrentmember": true,
            "isdirector": false
        }
    },
    {
        "model": "app.teammember",
        "pk": 49,
        "fields": {
            "name": "Nobelle Tay",
            "image_url": "https://drive.google.com/uc?id=1QE0RJBLacv9q-zbAvMf5JrZiHTx2htl_",
            "subteam": 10,
            "iscurrentmember": true,
            "isdirector": false
        }
    },
    {
        "model": "app.teammember",
        "pk": 50,
        "fields": {
            "name": "Shijin Wang",
            "image_url": "https://docs.google.com/uc?id=1pXy6viMqO5zf3Bada9VrgIaRktV67zxs",
            "subteam": 10,
            "iscurrentmember": true,
            "isdirector": false
        }
    },
    {
        "model": "app.teammember",
        "pk": 51,
        "fields": {
            "name": "Yezhi Shen",
            "image_url": "https://drive.google.com/uc?id=1zJkA_dM3sqqDCEj6nhT0UiiNK96PYMIx",
            "subteam": 12,
            "iscurrentmember": true,
            "isdirector": false
        }
    },
    {
        "model": "app.teammember",
        "pk": 52,
        "fields": {
            "name": "Rohan Prabhu",
            "image_url": "https://drive.google.com/uc?id=1GX5fN82r4ab0Cw-k41oNS3PHMmeygL4G",
            "subteam": 13,
            "iscurrentmember": true,
            "isdirector": false
        }
    },
    {
        "model": "app.teammember",
        "pk": 53,
        "fields": {
            "name": "Paul B. Zhang",
            "image_url": "https://drive.google.com/uc?id=1Ky37lYMYl3cUfubfzGZLT8ZNSGFyHCLr",
            "subteam": 13,
            "iscurrentmember": true,
            "isdirector": false
        }
    },
    {
        "model": "app.teammember",
        "pk": 54,
        "fields": {
            "name": "Zhi Kai Tan",
            "image_url": "",
            "subteam": 14,
            "iscurrentmember": false,
            "isdirector": false
        }
    },
    {
        "model": "app.teammember",
        "pk": 55,
        "fields": {
            "name": "Spencer Huston",
            "image_url": "",
            "subteam": 14,
            "iscurrentmember": false,
            "isdirector": false
        }
    },
    {
        "model": "app.teammember",
        "pk": 56,
        "fields": {
            "name": "Meera Haridasa",
            "image_url": "",
            "subteam": 14,
            "iscurrentmember": false,
            "isdirector": false
        }
    },
    {
        "model": "app.teammember",
        "pk": 57,
        "fields": {
            "name": "Cailey Farrell",
            "image_url": "",
            "subteam": 14,
            "iscurrentmember": false,
            "isdirector": false
        }
    },
    {
        "model": "app.teammember",
        "pk": 58,
        "fields": {
            "name": "Christopher Jovanovic",
            "image_url": "",
            "subteam": 14,
            "iscurrentmember": false,
            "isdirector": false
        }
    },
    {
        "model": "app.teammember",
        "pk": 59,
        "fields": {
            "name": "Robert Gitau",
            "image_url": "",
            "subteam": 14,
            "iscurrentmember": false,
            "isdirector": false
        }
    },
    {
        "model": "app.teammember",
        "pk": 60,
        "fields": {
            "name": "Weiqing Huang",
            "image_url": "https://docs.google.com/uc?id=1PtSFT8Kz3V_Z61xKRwZ4oCr-xQoFAixh",
            "subteam": 5,
            "iscurrentmember": true,
            "isdirector": false
        }
    },
    {
        "model": "app.teammember",
        "pk": 61,
        "fields": {
            "name": "Vadim Nikiforov",
            "image_url": "",
            "subteam": 14,
            "iscurrentmember": false,
            "isdirector": false
        }
    },
    {
        "model": "app.teammember",
        "pk": 62,
        "fields": {
            "name": "Sihao Yin",
            "image_url": "",
            "subteam": 14,
            "iscurrentmember": false,
            "isdirector": false
        }
    },
    {
        "model": "app.teammember",
        "pk": 63,
        "fields": {
            "name": "Mehmet Alp Aysan",
            "image_url": "",
            "subteam": 14,
            "iscurrentmember": false,
            "isdirector": false
        }
    },
    {
        "model": "app.teammember",
        "pk": 64,
        "fields": {
            "name": "Matthew Fitzgerald",
            "image_url": "",
            "subteam": 14,
            "iscurrentmember": false,
            "isdirector": false
        }
    },
    {
        "model": "app.teammember",
        "pk": 65,
        "fields": {
            "name": "Hussni Mohd Zakir",
            "image_url": "",
            "subteam": 14,
            "iscurrentmember": false,
            "isdirector": false
        }
    },
    {
        "model": "app.teammember",
        "pk": 66,
        "fields": {
            "name": "Hanwen Huang",
            "image_url": "",
            "subteam": 14,
            "iscurrentmember": false,
            "isdirector": false
        }
    },
    {
        "model": "app.teammember",
        "pk": 67,
        "fields": {
            "name": "Changyu Li",
            "image_url": "",
            "subteam": 14,
            "iscurrentmember": false,
            "isdirector": false
        }
    },
    {
        "model": "app.teammember",
        "pk": 68,
        "fields": {
            "name": "Wengyan Chan",
            "image_url": "",
            "subteam": 14,
            "iscurrentmember": false,
            "isdirector": false
        }
    },
    {
        "model": "app.teammember",
        "pk": 69,
        "fields": {
            "name": "Aparna Pidaparthi",
            "image_url": "",
            "subteam": 14,
            "iscurrentmember": false,
            "isdirector": false
        }
    },
    {
        "model": "app.teammember",
        "pk": 70,
        "fields": {
            "name": "Deepika Aggrawal",
            "image_url": "",
            "subteam": 14,
            "iscurrentmember": false,
            "isdirector": false
        }
    },
    {
        "model": "app.teammember",
        "pk": 71,
        "fields": {
            "name": "Ehren Marschall",
            "image_url": "",
            "subteam": 14,
            "iscurrentmember": false,
            "isdirector": false
        }
    },
    {
        "model": "app.teammember",
        "pk": 72,
        "fields": {
            "name": "Hao Zou",
            "image_url": "",
            "subteam": 14,
            "iscurrentmember": false,
            "isdirector": false
        }
    },
    {
        "model": "app.teammember",
        "pk": 73,
        "fields": {
            "name": "Jiancheng Wang",
            "image_url": "",
            "subteam": 14,
            "iscurrentmember": false,
            "isdirector": false
        }
    },
    {
        "model": "app.teammember",
        "pk": 74,
        "fields": {
            "name": "Kyle Martin",
            "image_url": "",
            "subteam": 14,
            "iscurrentmember": false,
            "isdirector": false
        }
    },
    {
        "model": "app.teammember",
        "pk": 75,
        "fields": {
            "name": "Milos Malesevic",
            "image_url": "",
            "subteam": 14,
            "iscurrentmember": false,
            "isdirector": false
        }
    },
    {
        "model": "app.teammember",
        "pk": 76,
        "fields": {
            "name": "Mina Guo",
            "image_url": "",
            "subteam": 14,
            "iscurrentmember": false,
            "isdirector": false
        }
    },
    {
        "model": "app.teammember",
        "pk": 77,
        "fields": {
            "name": "Nanxin Jin",
            "image_url": "",
            "subteam": 14,
            "iscurrentmember": false,
            "isdirector": false
        }
    },
    {
        "model": "app.teammember",
        "pk": 78,
        "fields": {
            "name": "Ramyak Singh",
            "image_url": "",
            "subteam": 14,
            "iscurrentmember": false,
            "isdirector": false
        }
    },
    {
        "model": "app.teammember",
        "pk": 79,
        "fields": {
            "name": "Yash Pundlik",
            "image_url": "",
            "subteam": 14,
            "iscurrentmember": false,
            "isdirector": false
        }
    },
    {
        "model": "app.teammember",
        "pk": 80,
        "fields": {
            "name": "Ryan Schlueter",
            "image_url": "",
            "subteam": 14,
            "iscurrentmember": false,
            "isdirector": false
        }
    },
    {
        "model": "app.teammember",
        "pk": 81,
        "fields": {
            "name": "Weizhi Li",
            "image_url": "",
            "subteam": 14,
            "iscurrentmember": false,
            "isdirector": false
        }
    },
    {
        "model": "app.teammember",
        "pk": 82,
        "fields": {
            "name": "Sam Yellin",
            "image_url": "",
            "subteam": 14,
            "iscurrentmember": false,
            "isdirector": false
        }
    },
    {
        "model": "app.teammember",
        "pk": 83,
        "fields": {
            "name": "Wenzhong Duan",
            "image_url": "",
            "subteam": 14,
            "iscurrentmember": false,
            "isdirector": false
        }
    },
    {
        "model": "app.teammember",
        "pk": 84,
        "fields": {
            "name": "Deeptanshu Malik",
            "image_url": "",
            "subteam": 14,
            "iscurrentmember": false,
            "isdirector": false
        }
    },
    {
        "model": "app.teammember",
        "pk": 85,
        "fields": {
            "name": "Juncheng Tang",
            "image_url": "",
            "subteam": 14,
            "iscurrentmember": false,
            "isdirector": false
        }
    },
    {
        "model": "app.teammember",
        "pk": 86,
        "fields": {
            "name": "Daniel Dilger",
            "image_url": "",
            "subteam": 14,
            "iscurrentmember": false,
            "isdirector": false
        }
    },
    {
        "model": "app.teammember",
        "pk": 87,
        "fields": {
            "name": "Yukun An",
            "image_url": "",
            "subteam": 14,
            "iscurrentmember": false,
            "isdirector": false
        }
    },
    {
        "model": "app.teammember",
        "pk": 88,
        "fields": {
            "name": "Andrew Green",
            "image_url": "",
            "subteam": 14,
            "iscurrentmember": false,
            "isdirector": false
        }
    },
    {
        "model": "app.teammember",
        "pk": 89,
        "fields": {
            "name": "Bolun Zhang",
            "image_url": "",
            "subteam": 14,
            "iscurrentmember": false,
            "isdirector": false
        }
    },
    {
        "model": "app.teammember",
        "pk": 90,
        "fields": {
            "name": "Erik Rozolis",
            "image_url": "",
            "subteam": 14,
            "iscurrentmember": false,
            "isdirector": false
        }
    },
    {
        "model": "app.teammember",
        "pk": 91,
        "fields": {
            "name": "Everett Berry",
            "image_url": "",
            "subteam": 14,
            "iscurrentmember": false,
            "isdirector": false
        }
    },
    {
        "model": "app.teammember",
        "pk": 92,
        "fields": {
            "name": "Youngsol Koh",
            "image_url": "",
            "subteam": 14,
            "iscurrentmember": false,
            "isdirector": false
        }
    },
    {
        "model": "app.teammember",
        "pk": 93,
        "fields": {
            "name": "Lucas Neumann",
            "image_url": "",
            "subteam": 14,
            "iscurrentmember": false,
            "isdirector": false
        }
    },
    {
        "model": "app.teammember",
        "pk": 94,
        "fields": {
            "name": "Subhav Ramachandran",
            "image_url": "",
            "subteam": 14,
            "iscurrentmember": false,
            "isdirector": false
        }
    },
    {
        "model": "app.teammember",
        "pk": 95,
        "fields": {
            "name": "Pranjit Kalita",
            "image_url": "",
            "subteam": 14,
            "iscurrentmember": false,
            "isdirector": false
        }
    },
    {
        "model": "app.teammember",
        "pk": 96,
        "fields": {
            "name": "Seth Bontrager",
            "image_url": "",
            "subteam": 14,
            "iscurrentmember": false,
            "isdirector": false
        }
    },
    {
        "model": "app.teammember",
        "pk": 97,
        "fields": {
            "name": "Kyle Mcnulty",
            "image_url": "",
            "subteam": 14,
            "iscurrentmember": false,
            "isdirector": false
        }
    },
    {
        "model": "app.teammember",
        "pk": 98,
        "fields": {
            "name": "James Tay",
            "image_url": "",
            "subteam": 14,
            "iscurrentmember": false,
            "isdirector": false
        }
    },
    {
        "model": "app.teammember",
        "pk": 99,
        "fields": {
            "name": "Sriram Rangaramanujan",
            "image_url": "",
            "subteam": 14,
            "iscurrentmember": false,
            "isdirector": false
        }
    },
    {
        "model": "app.teammember",
        "pk": 100,
        "fields": {
            "name": "Borui Chen",
            "image_url": "",
            "subteam": 14,
            "iscurrentmember": false,
            "isdirector": false
        }
    },
    {
        "model": "app.teammember",
        "pk": 101,
        "fields": {
            "name": "Yuhao Chen",
            "image_url": "",
            "subteam": 14,
            "iscurrentmember": false,
            "isdirector": false
        }
    },
    {
        "model": "app.teammember",
        "pk": 102,
        "fields": {
            "name": "Qingshuang Chen",
            "image_url": "",
            "subteam": 14,
            "iscurrentmember": false,
            "isdirector": false
        }
    },
    {
        "model": "app.teammember",
        "pk": 103,
        "fields": {
            "name": "Anthony Kang",
            "image_url": "",
            "subteam": 14,
            "iscurrentmember": false,
            "isdirector": false
        }
    },
    {
        "model": "app.teammember",
        "pk": 104,
        "fields": {
            "name": "Zhenming Zhao",
            "image_url": "",
            "subteam": 14,
            "iscurrentmember": false,
            "isdirector": false
        }
    },
    {
        "model": "app.teammember",
        "pk": 105,
        "fields": {
            "name": "Jeanne Deng",
            "image_url": "",
            "subteam": 14,
            "iscurrentmember": false,
            "isdirector": false
        }
    },
    {
        "model": "app.teammember",
        "pk": 106,
        "fields": {
            "name": "Huanyi Guo",
            "image_url": "",
            "subteam": 14,
            "iscurrentmember": false,
            "isdirector": false
        }
    },
    {
        "model": "app.teammember",
        "pk": 107,
        "fields": {
            "name": "Jiaju Yue",
            "image_url": "",
            "subteam": 14,
            "iscurrentmember": false,
            "isdirector": false
        }
    },
    {
        "model": "app.teammember",
        "pk": 108,
        "fields": {
            "name": "Zaiwei Zhang",
            "image_url": "",
            "subteam": 14,
            "iscurrentmember": false,
            "isdirector": false
        }
    },
    {
        "model": "app.teammember",
        "pk": 109,
        "fields": {
            "name": "Zhenming Zhang",
            "image_url": "",
            "subteam": 14,
            "iscurrentmember": false,
            "isdirector": false
        }
    },
    {
        "model": "app.teammember",
        "pk": 110,
        "fields": {
            "name": "Anthony Fennell",
            "image_url": "",
            "subteam": 14,
            "iscurrentmember": false,
            "isdirector": false
        }
    },
    {
        "model": "app.teammember",
        "pk": 111,
        "fields": {
            "name": "He Li",
            "image_url": "",
            "subteam": 14,
            "iscurrentmember": false,
            "isdirector": false
        }
    },
    {
        "model": "app.teammember",
        "pk": 112,
        "fields": {
            "name": "Zhifan Zeng",
            "image_url": "",
            "subteam": 14,
            "iscurrentmember": false,
            "isdirector": false
        }
    },
    {
        "model": "app.teammember",
        "pk": 113,
        "fields": {
            "name": "Zhanxiang Hua",
            "image_url": "",
            "subteam": 14,
            "iscurrentmember": false,
            "isdirector": false
        }
    },
    {
        "model": "app.teammember",
        "pk": 114,
        "fields": {
            "name": "Yuxiang Zi",
            "image_url": "",
            "subteam": 14,
            "iscurrentmember": false,
            "isdirector": false
        }
    },
    {
        "model": "app.teammember",
        "pk": 115,
        "fields": {
            "name": "Yutong Huang",
            "image_url": "",
            "subteam": 14,
            "iscurrentmember": false,
            "isdirector": false
        }
    },
    {
        "model": "app.teammember",
        "pk": 116,
        "fields": {
            "name": "Yifan Li",
            "image_url": "",
            "subteam": 14,
            "iscurrentmember": false,
            "isdirector": false
        }
    },
    {
        "model": "app.teammember",
        "pk": 117,
        "fields": {
            "name": "Yexin Wang",
            "image_url": "",
            "subteam": 14,
            "iscurrentmember": false,
            "isdirector": false
        }
    },
    {
        "model": "app.teammember",
        "pk": 118,
        "fields": {
            "name": "Woojin Kim",
            "image_url": "",
            "subteam": 14,
            "iscurrentmember": false,
            "isdirector": false
        }
    },
    {
        "model": "app.teammember",
        "pk": 119,
        "fields": {
            "name": "Shengli Sui",
            "image_url": "",
            "subteam": 14,
            "iscurrentmember": false,
            "isdirector": false
        }
    },
    {
        "model": "app.teammember",
        "pk": 120,
        "fields": {
            "name": "Sanghyun Cho",
            "image_url": "",
            "subteam": 14,
            "iscurrentmember": false,
            "isdirector": false
        }
    },
    {
        "model": "app.teammember",
        "pk": 121,
        "fields": {
            "name": "Nirmal Asokan",
            "image_url": "",
            "subteam": 14,
            "iscurrentmember": false,
            "isdirector": false
        }
    },
    {
        "model": "app.teammember",
        "pk": 122,
        "fields": {
            "name": "John Laiman",
            "image_url": "",
            "subteam": 14,
            "iscurrentmember": false,
            "isdirector": false
        }
    },
    {
        "model": "app.teammember",
        "pk": 123,
        "fields": {
            "name": "Jenil Patel",
            "image_url": "",
            "subteam": 14,
            "iscurrentmember": false,
            "isdirector": false
        }
    },
    {
        "model": "app.teammember",
        "pk": 124,
        "fields": {
            "name": "James Lee",
            "image_url": "",
            "subteam": 14,
            "iscurrentmember": false,
            "isdirector": false
        }
    },
    {
        "model": "app.teammember",
        "pk": 125,
        "fields": {
            "name": "Hanyang Liu",
            "image_url": "",
            "subteam": 14,
            "iscurrentmember": false,
            "isdirector": false
        }
    },
    {
        "model": "app.teammember",
        "pk": 126,
        "fields": {
            "name": "Ajay Gopakumar",
            "image_url": "",
            "subteam": 14,
            "iscurrentmember": false,
            "isdirector": false
        }
    },
    {
        "model": "app.teammember",
        "pk": 127,
        "fields": {
            "name": "Ahmed Kaseb",
            "image_url": "",
            "subteam": 14,
            "iscurrentmember": false,
            "isdirector": false
        }
    },
    {
        "model": "app.teammember",
        "pk": 128,
        "fields": {
            "name": "Achinthya Soordelu",
            "image_url": "",
            "subteam": 14,
            "iscurrentmember": false,
            "isdirector": false
        }
    },
    {
        "model": "app.teammember",
        "pk": 129,
        "fields": {
            "name": "Sitian Lu",
            "image_url": "",
            "subteam": 14,
            "iscurrentmember": false,
            "isdirector": false
        }
    },
    {
        "model": "app.teammember",
        "pk": 130,
        "fields": {
            "name": "Fengjian Pan",
            "image_url": "",
            "subteam": 14,
            "iscurrentmember": false,
            "isdirector": false
        }
    },
    {
        "model": "app.teammember",
        "pk": 131,
        "fields": {
            "name": "Jay Patel",
            "image_url": "",
            "subteam": 14,
            "iscurrentmember": false,
            "isdirector": false
        }
    },
    {
        "model": "app.teammember",
        "pk": 132,
        "fields": {
            "name": "Joseph Sweeney",
            "image_url": "",
            "subteam": 14,
            "iscurrentmember": false,
            "isdirector": false
        }
    },
    {
        "model": "app.teammember",
        "pk": 133,
        "fields": {
            "name": "Yuting Guo",
            "image_url": "https://docs.google.com/uc?id=1L1DqyzjMVAAY7fn_esVE4xx81BRLAvK1",
            "subteam": 5,
            "iscurrentmember": true,
            "isdirector": false
        }
    },
    {
        "model": "app.teammember",
        "pk": 134,
        "fields": {
            "name": "Anirudh Vegesana",
            "image_url": "https://docs.google.com/uc?id=1Kym01_uf66C8W_g6v5g8rG5sUV81VXyv",
            "subteam": 1,
            "iscurrentmember": true,
            "isdirector": false
        }
    },
    {
        "model": "app.teammember",
        "pk": 135,
        "fields": {
            "name": "Ruihong Lyu",
            "image_url": "https://docs.google.com/uc?id=1k7KHo-J4ggWkShdn7rBYw6KgxzjLB3Rm",
            "subteam": 5,
            "iscurrentmember": true,
            "isdirector": false
        }
    },
    {
        "model": "app.teammember",
        "pk": 136,
        "fields": {
            "name": "Sayali Nilangekar",
            "image_url": "https://docs.google.com/uc?id=1q4b4YhD0SodisvVfcFexzAqQhfOGEhua",
            "subteam": 12,
            "iscurrentmember": true,
            "isdirector": false
        }
    },
    {
        "model": "app.teammember",
        "pk": 137,
        "fields": {
            "name": "Sehajbir Randhawa",
            "image_url": "https://docs.google.com/uc?id=1wpzBgSmGln1eZ1J_FqL0RkRws4b0QwH1",
            "subteam": 1,
            "iscurrentmember": true,
            "isdirector": false
        }
    },
    {
        "model": "app.location",
        "pk": 1,
        "fields": {
            "officename": "CAM2 Lab",
            "officeroom": "220C",
            "officebldg": "Electrical Engineering",
            "officeaddr": "465 Northwestern Ave",
            "officecity": "West Lafayette",
            "officestate": "IN",
            "officezip": "47906",
            "officenum": "765-494-5298"
        }
    }
]
